
-- Add Teaching Assistant role to the user_role enum
ALTER TYPE user_role ADD VALUE IF NOT EXISTS 'teaching_assistant';

-- Create a comprehensive mock data generation for users
INSERT INTO profiles (id, email, first_name, last_name, role, created_at) VALUES
-- Generate 15 Teachers
('teach-001', 'john.smith@faculty.college.edu', 'John', 'Smith', 'teacher', '2024-01-15 10:00:00+00'),
('teach-002', 'sarah.johnson@faculty.college.edu', 'Sarah', 'Johnson', 'teacher', '2024-01-20 14:30:00+00'),
('teach-003', 'michael.brown@faculty.college.edu', 'Michael', 'Brown', 'teacher', '2024-02-01 09:15:00+00'),
('teach-004', 'emily.davis@faculty.college.edu', 'Emily', 'Davis', 'teacher', '2024-02-10 11:45:00+00'),
('teach-005', 'david.wilson@faculty.college.edu', 'David', 'Wilson', 'teacher', '2024-02-15 16:20:00+00'),
('teach-006', 'lisa.anderson@faculty.college.edu', 'Lisa', 'Anderson', 'teacher', '2024-03-01 08:30:00+00'),
('teach-007', 'robert.taylor@faculty.college.edu', 'Robert', 'Taylor', 'teacher', '2024-03-05 13:10:00+00'),
('teach-008', 'jennifer.martinez@faculty.college.edu', 'Jennifer', 'Martinez', 'teacher', '2024-03-12 10:50:00+00'),
('teach-009', 'william.garcia@faculty.college.edu', 'William', 'Garcia', 'teacher', '2024-03-20 15:25:00+00'),
('teach-010', 'maria.rodriguez@faculty.college.edu', 'Maria', 'Rodriguez', 'teacher', '2024-04-01 12:00:00+00'),
('teach-011', 'james.lee@faculty.college.edu', 'James', 'Lee', 'teacher', '2024-04-08 09:40:00+00'),
('teach-012', 'patricia.white@faculty.college.edu', 'Patricia', 'White', 'teacher', '2024-04-15 14:15:00+00'),
('teach-013', 'thomas.harris@faculty.college.edu', 'Thomas', 'Harris', 'teacher', '2024-04-22 11:30:00+00'),
('teach-014', 'linda.clark@faculty.college.edu', 'Linda', 'Clark', 'teacher', '2024-05-01 16:45:00+00'),
('teach-015', 'christopher.lewis@faculty.college.edu', 'Christopher', 'Lewis', 'teacher', '2024-05-10 08:20:00+00'),

-- Generate 30 Teaching Assistants
('ta-001', 'alex.kumar@ta.college.edu', 'Alex', 'Kumar', 'teaching_assistant', '2024-06-01 10:00:00+00'),
('ta-002', 'priya.sharma@ta.college.edu', 'Priya', 'Sharma', 'teaching_assistant', '2024-06-02 11:15:00+00'),
('ta-003', 'ryan.chen@ta.college.edu', 'Ryan', 'Chen', 'teaching_assistant', '2024-06-03 14:30:00+00'),
('ta-004', 'maya.patel@ta.college.edu', 'Maya', 'Patel', 'teaching_assistant', '2024-06-04 09:45:00+00'),
('ta-005', 'kevin.zhang@ta.college.edu', 'Kevin', 'Zhang', 'teaching_assistant', '2024-06-05 16:20:00+00'),
('ta-006', 'sophie.liu@ta.college.edu', 'Sophie', 'Liu', 'teaching_assistant', '2024-06-06 12:10:00+00'),
('ta-007', 'daniel.kim@ta.college.edu', 'Daniel', 'Kim', 'teaching_assistant', '2024-06-07 08:30:00+00'),
('ta-008', 'nina.singh@ta.college.edu', 'Nina', 'Singh', 'teaching_assistant', '2024-06-08 15:40:00+00'),
('ta-009', 'carlos.lopez@ta.college.edu', 'Carlos', 'Lopez', 'teaching_assistant', '2024-06-09 11:25:00+00'),
('ta-010', 'anna.wang@ta.college.edu', 'Anna', 'Wang', 'teaching_assistant', '2024-06-10 13:50:00+00'),
('ta-011', 'ahmed.hassan@ta.college.edu', 'Ahmed', 'Hassan', 'teaching_assistant', '2024-06-11 10:15:00+00'),
('ta-012', 'elena.petrov@ta.college.edu', 'Elena', 'Petrov', 'teaching_assistant', '2024-06-12 14:35:00+00'),
('ta-013', 'jake.thompson@ta.college.edu', 'Jake', 'Thompson', 'teaching_assistant', '2024-06-13 09:20:00+00'),
('ta-014', 'zara.ali@ta.college.edu', 'Zara', 'Ali', 'teaching_assistant', '2024-06-14 16:05:00+00'),
('ta-015', 'lucas.miller@ta.college.edu', 'Lucas', 'Miller', 'teaching_assistant', '2024-06-15 12:45:00+00'),
('ta-016', 'isha.gupta@ta.college.edu', 'Isha', 'Gupta', 'teaching_assistant', '2024-06-16 08:55:00+00'),
('ta-017', 'ethan.davis@ta.college.edu', 'Ethan', 'Davis', 'teaching_assistant', '2024-06-17 15:10:00+00'),
('ta-018', 'mia.rodriguez@ta.college.edu', 'Mia', 'Rodriguez', 'teaching_assistant', '2024-06-18 11:40:00+00'),
('ta-019', 'noah.wilson@ta.college.edu', 'Noah', 'Wilson', 'teaching_assistant', '2024-06-19 13:25:00+00'),
('ta-020', 'aria.brown@ta.college.edu', 'Aria', 'Brown', 'teaching_assistant', '2024-06-20 09:30:00+00'),
('ta-021', 'leo.garcia@ta.college.edu', 'Leo', 'Garcia', 'teaching_assistant', '2024-06-21 14:50:00+00'),
('ta-022', 'chloe.martinez@ta.college.edu', 'Chloe', 'Martinez', 'teaching_assistant', '2024-06-22 10:35:00+00'),
('ta-023', 'owen.taylor@ta.college.edu', 'Owen', 'Taylor', 'teaching_assistant', '2024-06-23 16:15:00+00'),
('ta-024', 'zoe.anderson@ta.college.edu', 'Zoe', 'Anderson', 'teaching_assistant', '2024-06-24 12:20:00+00'),
('ta-025', 'ian.thomas@ta.college.edu', 'Ian', 'Thomas', 'teaching_assistant', '2024-06-25 08:45:00+00'),
('ta-026', 'ruby.jackson@ta.college.edu', 'Ruby', 'Jackson', 'teaching_assistant', '2024-06-26 15:30:00+00'),
('ta-027', 'cole.white@ta.college.edu', 'Cole', 'White', 'teaching_assistant', '2024-06-27 11:55:00+00'),
('ta-028', 'iris.lee@ta.college.edu', 'Iris', 'Lee', 'teaching_assistant', '2024-06-28 13:40:00+00'),
('ta-029', 'finn.harris@ta.college.edu', 'Finn', 'Harris', 'teaching_assistant', '2024-06-29 09:10:00+00'),
('ta-030', 'luna.clark@ta.college.edu', 'Luna', 'Clark', 'teaching_assistant', '2024-06-30 14:25:00+00');

-- Add role_in_course column to course_enrollments table
ALTER TABLE course_enrollments 
ADD COLUMN IF NOT EXISTS role_in_course TEXT DEFAULT 'learner' CHECK (role_in_course IN ('instructor', 'teaching_assistant', 'learner'));

-- Create sample courses with proper instructor assignments
INSERT INTO courses (id, title, description, course_code, department, semester, academic_year, instructor_id, credits, max_students, is_active) VALUES
('course-001', 'Introduction to Computer Science', 'Fundamental concepts of computer science and programming', 'CS101', 'Computer Science', 'Fall', '2024-25', 'teach-001', 4, 60, true),
('course-002', 'Data Structures and Algorithms', 'Advanced data structures and algorithmic problem solving', 'CS201', 'Computer Science', 'Fall', '2024-25', 'teach-002', 4, 45, true),
('course-003', 'Database Management Systems', 'Design and implementation of database systems', 'CS301', 'Computer Science', 'Fall', '2024-25', 'teach-003', 3, 40, true),
('course-004', 'Web Development', 'Full-stack web development with modern frameworks', 'CS401', 'Computer Science', 'Fall', '2024-25', 'teach-004', 3, 35, true),
('course-005', 'Machine Learning', 'Introduction to machine learning algorithms and applications', 'CS501', 'Computer Science', 'Fall', '2024-25', 'teach-005', 4, 30, true),
('course-006', 'Engineering Mathematics', 'Mathematical foundations for engineering students', 'MATH201', 'Mathematics', 'Fall', '2024-25', 'teach-006', 4, 80, true),
('course-007', 'Physics for Engineers', 'Applied physics concepts for engineering applications', 'PHY101', 'Physics', 'Fall', '2024-25', 'teach-007', 4, 70, true),
('course-008', 'Digital Electronics', 'Digital circuit design and implementation', 'ECE201', 'Electronics', 'Fall', '2024-25', 'teach-008', 3, 50, true),
('course-009', 'Thermodynamics', 'Principles of thermodynamics and heat transfer', 'ME301', 'Mechanical Engineering', 'Fall', '2024-25', 'teach-009', 3, 45, true),
('course-010', 'Structural Analysis', 'Analysis of structures under various loading conditions', 'CE401', 'Civil Engineering', 'Fall', '2024-25', 'teach-010', 4, 40, true);

-- Generate a large batch of student data (first 50 students as example)
INSERT INTO profiles (id, email, first_name, last_name, role, created_at) VALUES
('stu-001', 'alice.patel@student.college.edu', 'Alice', 'Patel', 'student', '2024-07-01 10:15:00+00'),
('stu-002', 'bob.johnson@student.college.edu', 'Bob', 'Johnson', 'student', '2024-07-01 11:20:00+00'),
('stu-003', 'carol.smith@student.college.edu', 'Carol', 'Smith', 'student', '2024-07-01 12:25:00+00'),
('stu-004', 'david.brown@student.college.edu', 'David', 'Brown', 'student', '2024-07-01 13:30:00+00'),
('stu-005', 'emma.davis@student.college.edu', 'Emma', 'Davis', 'student', '2024-07-01 14:35:00+00'),
('stu-006', 'frank.wilson@student.college.edu', 'Frank', 'Wilson', 'student', '2024-07-01 15:40:00+00'),
('stu-007', 'grace.miller@student.college.edu', 'Grace', 'Miller', 'student', '2024-07-01 16:45:00+00'),
('stu-008', 'henry.garcia@student.college.edu', 'Henry', 'Garcia', 'student', '2024-07-01 17:50:00+00'),
('stu-009', 'ivy.martinez@student.college.edu', 'Ivy', 'Martinez', 'student', '2024-07-01 18:55:00+00'),
('stu-010', 'jack.anderson@student.college.edu', 'Jack', 'Anderson', 'student', '2024-07-02 09:00:00+00'),
('stu-011', 'kate.taylor@student.college.edu', 'Kate', 'Taylor', 'student', '2024-07-02 10:05:00+00'),
('stu-012', 'liam.thomas@student.college.edu', 'Liam', 'Thomas', 'student', '2024-07-02 11:10:00+00'),
('stu-013', 'mia.jackson@student.college.edu', 'Mia', 'Jackson', 'student', '2024-07-02 12:15:00+00'),
('stu-014', 'noah.white@student.college.edu', 'Noah', 'White', 'student', '2024-07-02 13:20:00+00'),
('stu-015', 'olivia.harris@student.college.edu', 'Olivia', 'Harris', 'student', '2024-07-02 14:25:00+00'),
('stu-016', 'peter.martin@student.college.edu', 'Peter', 'Martin', 'student', '2024-07-02 15:30:00+00'),
('stu-017', 'quinn.thompson@student.college.edu', 'Quinn', 'Thompson', 'student', '2024-07-02 16:35:00+00'),
('stu-018', 'ruby.garcia@student.college.edu', 'Ruby', 'Garcia', 'student', '2024-07-02 17:40:00+00'),
('stu-019', 'sam.rodriguez@student.college.edu', 'Sam', 'Rodriguez', 'student', '2024-07-02 18:45:00+00'),
('stu-020', 'tina.lewis@student.college.edu', 'Tina', 'Lewis', 'student', '2024-07-02 19:50:00+00'),
('stu-021', 'uma.lee@student.college.edu', 'Uma', 'Lee', 'student', '2024-07-03 09:55:00+00'),
('stu-022', 'victor.walker@student.college.edu', 'Victor', 'Walker', 'student', '2024-07-03 11:00:00+00'),
('stu-023', 'wendy.hall@student.college.edu', 'Wendy', 'Hall', 'student', '2024-07-03 12:05:00+00'),
('stu-024', 'xavier.allen@student.college.edu', 'Xavier', 'Allen', 'student', '2024-07-03 13:10:00+00'),
('stu-025', 'yara.young@student.college.edu', 'Yara', 'Young', 'student', '2024-07-03 14:15:00+00'),
('stu-026', 'zane.hernandez@student.college.edu', 'Zane', 'Hernandez', 'student', '2024-07-03 15:20:00+00'),
('stu-027', 'aria.king@student.college.edu', 'Aria', 'King', 'student', '2024-07-03 16:25:00+00'),
('stu-028', 'blake.wright@student.college.edu', 'Blake', 'Wright', 'student', '2024-07-03 17:30:00+00'),
('stu-029', 'cora.lopez@student.college.edu', 'Cora', 'Lopez', 'student', '2024-07-03 18:35:00+00'),
('stu-030', 'dean.hill@student.college.edu', 'Dean', 'Hill', 'student', '2024-07-03 19:40:00+00'),
('stu-031', 'ella.scott@student.college.edu', 'Ella', 'Scott', 'student', '2024-07-04 09:45:00+00'),
('stu-032', 'finn.green@student.college.edu', 'Finn', 'Green', 'student', '2024-07-04 10:50:00+00'),
('stu-033', 'gina.adams@student.college.edu', 'Gina', 'Adams', 'student', '2024-07-04 11:55:00+00'),
('stu-034', 'hugo.baker@student.college.edu', 'Hugo', 'Baker', 'student', '2024-07-04 13:00:00+00'),
('stu-035', 'iris.gonzalez@student.college.edu', 'Iris', 'Gonzalez', 'student', '2024-07-04 14:05:00+00'),
('stu-036', 'jade.nelson@student.college.edu', 'Jade', 'Nelson', 'student', '2024-07-04 15:10:00+00'),
('stu-037', 'kyle.carter@student.college.edu', 'Kyle', 'Carter', 'student', '2024-07-04 16:15:00+00'),
('stu-038', 'luna.mitchell@student.college.edu', 'Luna', 'Mitchell', 'student', '2024-07-04 17:20:00+00'),
('stu-039', 'max.perez@student.college.edu', 'Max', 'Perez', 'student', '2024-07-04 18:25:00+00'),
('stu-040', 'nora.roberts@student.college.edu', 'Nora', 'Roberts', 'student', '2024-07-04 19:30:00+00'),
('stu-041', 'oscar.turner@student.college.edu', 'Oscar', 'Turner', 'student', '2024-07-05 09:35:00+00'),
('stu-042', 'penny.phillips@student.college.edu', 'Penny', 'Phillips', 'student', '2024-07-05 10:40:00+00'),
('stu-043', 'quinn.campbell@student.college.edu', 'Quinn', 'Campbell', 'student', '2024-07-05 11:45:00+00'),
('stu-044', 'rose.parker@student.college.edu', 'Rose', 'Parker', 'student', '2024-07-05 12:50:00+00'),
('stu-045', 'seth.evans@student.college.edu', 'Seth', 'Evans', 'student', '2024-07-05 13:55:00+00'),
('stu-046', 'tara.edwards@student.college.edu', 'Tara', 'Edwards', 'student', '2024-07-05 15:00:00+00'),
('stu-047', 'ulysses.collins@student.college.edu', 'Ulysses', 'Collins', 'student', '2024-07-05 16:05:00+00'),
('stu-048', 'vera.stewart@student.college.edu', 'Vera', 'Stewart', 'student', '2024-07-05 17:10:00+00'),
('stu-049', 'wade.sanchez@student.college.edu', 'Wade', 'Sanchez', 'student', '2024-07-05 18:15:00+00'),
('stu-050', 'xara.morris@student.college.edu', 'Xara', 'Morris', 'student', '2024-07-05 19:20:00+00');

-- Create corresponding student profiles for detailed information
INSERT INTO student_profiles (user_id, roll_number, department, batch, semester, admission_year) VALUES
('stu-001', 'CS2024001', 'Computer Science', 'CS-A', 1, 2024),
('stu-002', 'CS2024002', 'Computer Science', 'CS-A', 1, 2024),
('stu-003', 'CS2024003', 'Computer Science', 'CS-A', 1, 2024),
('stu-004', 'CS2024004', 'Computer Science', 'CS-B', 1, 2024),
('stu-005', 'CS2024005', 'Computer Science', 'CS-B', 1, 2024),
('stu-006', 'EE2024001', 'Electrical Engineering', 'EE-A', 1, 2024),
('stu-007', 'EE2024002', 'Electrical Engineering', 'EE-A', 1, 2024),
('stu-008', 'EE2024003', 'Electrical Engineering', 'EE-B', 1, 2024),
('stu-009', 'ME2024001', 'Mechanical Engineering', 'ME-A', 1, 2024),
('stu-010', 'ME2024002', 'Mechanical Engineering', 'ME-A', 1, 2024),
('stu-011', 'CE2024001', 'Civil Engineering', 'CE-A', 1, 2024),
('stu-012', 'CE2024002', 'Civil Engineering', 'CE-A', 1, 2024),
('stu-013', 'CS2023001', 'Computer Science', 'CS-A', 3, 2023),
('stu-014', 'CS2023002', 'Computer Science', 'CS-A', 3, 2023),
('stu-015', 'CS2023003', 'Computer Science', 'CS-B', 3, 2023),
('stu-016', 'EE2023001', 'Electrical Engineering', 'EE-A', 3, 2023),
('stu-017', 'EE2023002', 'Electrical Engineering', 'EE-A', 3, 2023),
('stu-018', 'ME2023001', 'Mechanical Engineering', 'ME-A', 3, 2023),
('stu-019', 'ME2023002', 'Mechanical Engineering', 'ME-B', 3, 2023),
('stu-020', 'CE2023001', 'Civil Engineering', 'CE-A', 3, 2023),
('stu-021', 'CS2022001', 'Computer Science', 'CS-A', 5, 2022),
('stu-022', 'CS2022002', 'Computer Science', 'CS-B', 5, 2022),
('stu-023', 'EE2022001', 'Electrical Engineering', 'EE-A', 5, 2022),
('stu-024', 'EE2022002', 'Electrical Engineering', 'EE-B', 5, 2022),
('stu-025', 'ME2022001', 'Mechanical Engineering', 'ME-A', 5, 2022),
('stu-026', 'CE2022001', 'Civil Engineering', 'CE-A', 5, 2022),
('stu-027', 'CS2021001', 'Computer Science', 'CS-A', 7, 2021),
('stu-028', 'CS2021002', 'Computer Science', 'CS-B', 7, 2021),
('stu-029', 'EE2021001', 'Electrical Engineering', 'EE-A', 7, 2021),
('stu-030', 'ME2021001', 'Mechanical Engineering', 'ME-A', 7, 2021),
('stu-031', 'CS2024006', 'Computer Science', 'CS-C', 1, 2024),
('stu-032', 'CS2024007', 'Computer Science', 'CS-C', 1, 2024),
('stu-033', 'EE2024004', 'Electrical Engineering', 'EE-B', 1, 2024),
('stu-034', 'EE2024005', 'Electrical Engineering', 'EE-B', 1, 2024),
('stu-035', 'ME2024003', 'Mechanical Engineering', 'ME-B', 1, 2024),
('stu-036', 'ME2024004', 'Mechanical Engineering', 'ME-B', 1, 2024),
('stu-037', 'CE2024003', 'Civil Engineering', 'CE-B', 1, 2024),
('stu-038', 'CE2024004', 'Civil Engineering', 'CE-B', 1, 2024),
('stu-039', 'CS2023004', 'Computer Science', 'CS-C', 3, 2023),
('stu-040', 'CS2023005', 'Computer Science', 'CS-C', 3, 2023),
('stu-041', 'EE2023003', 'Electrical Engineering', 'EE-B', 3, 2023),
('stu-042', 'EE2023004', 'Electrical Engineering', 'EE-B', 3, 2023),
('stu-043', 'ME2023003', 'Mechanical Engineering', 'ME-A', 3, 2023),
('stu-044', 'ME2023004', 'Mechanical Engineering', 'ME-B', 3, 2023),
('stu-045', 'CE2023002', 'Civil Engineering', 'CE-A', 3, 2023),
('stu-046', 'CE2023003', 'Civil Engineering', 'CE-B', 3, 2023),
('stu-047', 'CS2022003', 'Computer Science', 'CS-A', 5, 2022),
('stu-048', 'EE2022003', 'Electrical Engineering', 'EE-A', 5, 2022),
('stu-049', 'ME2022002', 'Mechanical Engineering', 'ME-B', 5, 2022),
('stu-050', 'CE2022002', 'Civil Engineering', 'CE-B', 5, 2022);

-- Sample course enrollments with different roles
INSERT INTO course_enrollments (course_id, student_id, role_in_course, enrollment_date) VALUES
-- Course 1 (CS101) enrollments
('course-001', 'stu-001', 'learner', '2024-07-15 10:00:00+00'),
('course-001', 'stu-002', 'learner', '2024-07-15 10:30:00+00'),
('course-001', 'stu-003', 'learner', '2024-07-15 11:00:00+00'),
('course-001', 'ta-001', 'teaching_assistant', '2024-07-10 09:00:00+00'),
('course-001', 'ta-002', 'teaching_assistant', '2024-07-10 09:30:00+00'),

-- Course 2 (CS201) enrollments
('course-002', 'stu-013', 'learner', '2024-07-15 14:00:00+00'),
('course-002', 'stu-014', 'learner', '2024-07-15 14:30:00+00'),
('course-002', 'stu-015', 'learner', '2024-07-15 15:00:00+00'),
('course-002', 'ta-003', 'teaching_assistant', '2024-07-10 10:00:00+00'),

-- Course 3 (CS301) enrollments
('course-003', 'stu-021', 'learner', '2024-07-15 16:00:00+00'),
('course-003', 'stu-022', 'learner', '2024-07-15 16:30:00+00'),
('course-003', 'ta-004', 'teaching_assistant', '2024-07-10 11:00:00+00'),

-- Math course enrollments
('course-006', 'stu-001', 'learner', '2024-07-16 10:00:00+00'),
('course-006', 'stu-004', 'learner', '2024-07-16 10:30:00+00'),
('course-006', 'stu-006', 'learner', '2024-07-16 11:00:00+00'),
('course-006', 'ta-005', 'teaching_assistant', '2024-07-11 09:00:00+00'),

-- Physics course enrollments
('course-007', 'stu-002', 'learner', '2024-07-16 14:00:00+00'),
('course-007', 'stu-007', 'learner', '2024-07-16 14:30:00+00'),
('course-007', 'stu-008', 'learner', '2024-07-16 15:00:00+00'),
('course-007', 'ta-006', 'teaching_assistant', '2024-07-11 10:00:00+00');
